1925,-5,-4,2,-18,17,-299,-726,873,-3354,-30,1,1354276317.132143
316,-2,0,-1,-2,3,-48,-127,143,-545,-5,0,1354276317.136221
1338,-7,2,-3,-11,11,-205,-517,606,-2313,-21,0,1354276317.136342
1943,-5,-1,3,-18,16,-299,-735,876,-3349,-30,1,1354276317.136615
1942,-6,-6,3,-19,16,-298,-735,876,-3346,-29,1,1354276317.136736
1942,-6,-7,2,-18,16,-299,-735,876,-3346,-30,0,1354276317.136854
1940,-3,-6,1,-18,16,-299,-735,876,-3346,-30,1,1354276317.136971
1939,-4,-4,0,-19,17,-298,-735,876,-3345,-30,1,1354276317.1371
1940,-5,-2,2,-18,17,-298,-735,876,-3345,-29,1,1354276317.137885
1940,-7,-2,0,-18,17,-299,-726,872,-3350,-30,1,1354276317.138348
1942,-5,-5,2,-18,18,-299,-725,872,-3349,-30,1,1354276317.13847
1942,-5,-5,2,-18,18,-298,-725,872,-3349,-30,1,1354276317.138588
1942,-8,-3,0,-18,17,-299,-725,872,-3349,-30,1,1354276317.138708
1941,-8,-4,1,-18,17,-299,-725,872,-3349,-30,1,1354276317.138827
1942,-4,-6,0,-19,17,-299,-725,872,-3349,-30,1,1354276317.138946
1942,-3,-6,0,-18,17,-298,-725,872,-3349,-29,1,1354276317.139066
1942,-3,-4,1,-18,17,-298,-725,872,-3350,-29,1,1354276317.139194
1940,-1,-5,-2,-18,17,-299,-725,872,-3351,-29,1,1354276317.139314
1940,-3,-4,-1,-19,17,-299,-729,873,-3349,-29,1,1354276317.139433
1941,-5,-3,0,-18,17,-299,-733,875,-3347,-29,1,1354276317.139554
1943,-5,-5,-1,-18,17,-298,-735,876,-3346,-29,1,1354276317.139673
1942,-2,-4,-1,-18,17,-299,-735,876,-3346,-30,1,1354276317.139798
1943,-2,-2,0,-18,17,-299,-735,876,-3345,-30,1,1354276317.139918
1942,-4,-2,2,-17,17,-298,-735,876,-3344,-29,1,1354276317.140036
1943,-4,-2,2,-18,17,-298,-735,875,-3344,-29,1,1354276317.140145
1941,-6,-2,3,-18,16,-299,-735,876,-3346,-29,1,1354276317.140413
1941,-5,-3,3,-18,17,-298,-735,875,-3346,-29,1,1354276317.141189
1942,-6,-3,3,-18,17,-298,-729,875,-3348,-29,1,1354276317.141311
1941,-6,-4,4,-18,17,-298,-724,874,-3350,-29,1,1354276317.14142
1943,-5,-3,2,-18,18,-298,-723,874,-3350,-29,1,1354276317.141529
1943,-3,-4,2,-18,18,-298,-723,874,-3351,-29,1,1354276317.141638
1943,-3,-4,3,-18,17,-299,-723,874,-3351,-29,1,1354276317.141747
1942,-5,-5,1,-18,17,-299,-724,874,-3351,-28,1,1354276317.141856
1943,-6,-7,2,-18,18,-299,-724,874,-3351,-29,1,1354276317.141981
1942,-5,-5,2,-18,17,-299,-724,873,-3351,-29,1,1354276317.142104
1943,-6,-2,3,-18,17,-299,-723,874,-3350,-29,1,1354276317.142224
1941,-5,-3,0,-18,17,-299,-723,874,-3350,-29,1,1354276317.142344
1941,-4,-4,-2,-19,17,-298,-727,874,-3348,-29,1,1354276317.142452
1942,-2,-2,0,-19,17,-298,-733,875,-3346,-29,1,1354276317.142559
1943,-2,-4,2,-19,17,-298,-734,876,-3346,-29,1,1354276317.142667
1943,0,-5,2,-18,17,-297,-734,875,-3346,-29,1,1354276317.142782
1944,-4,-4,0,-18,17,-297,-734,875,-3346,-28,1,1354276317.142892
1943,-7,-4,1,-18,17,-298,-733,875,-3347,-28,0,1354276317.143002
1943,-7,-4,1,-18,18,-298,-734,875,-3346,-29,0,1354276317.14311
1941,-5,-4,2,-19,18,-298,-734,875,-3346,-29,1,1354276317.14323
1940,-6,-2,2,-19,17,-298,-734,875,-3346,-29,1,1354276317.143347
1941,-5,-2,2,-19,17,-298,-734,875,-3346,-29,1,1354276317.144092
1944,-2,-3,3,-18,17,-298,-729,875,-3347,-28,1,1354276317.144211
1942,-1,-3,2,-19,17,-298,-725,874,-3349,-29,1,1354276317.144333
1941,-4,-4,2,-19,17,-298,-725,874,-3349,-29,1,1354276317.144451
1943,-4,-3,3,-18,17,-298,-725,874,-3349,-29,1,1354276317.144751
1942,-3,-2,2,-18,17,-298,-724,874,-3350,-29,1,1354276317.144874
1943,-3,-2,-1,-18,18,-299,-724,874,-3350,-29,1,1354276317.144992
1942,-5,-3,0,-18,18,-299,-724,874,-3350,-28,1,1354276317.145111
1943,-5,-2,3,-18,17,-298,-724,874,-3350,-29,1,1354276317.145238
1941,-7,-2,4,-18,17,-299,-724,874,-3350,-29,1,1354276317.145356
1941,-7,-3,1,-18,17,-298,-728,874,-3346,-29,1,1354276317.145474
1942,-4,-5,1,-18,17,-298,-733,874,-3344,-29,1,1354276317.145592
1944,-3,-5,5,-19,18,-298,-734,874,-3343,-29,1,1354276317.145709
1943,-3,-4,4,-19,17,-298,-734,874,-3343,-28,1,1354276317.145827
1944,-5,-2,2,-18,17,-298,-735,874,-3342,-28,1,1354276317.14594
1943,-6,-1,3,-18,17,-298,-735,874,-3343,-29,1,1354276317.14605
1944,-4,-4,2,-18,16,-298,-735,874,-3342,-29,1,1354276317.146163
1943,-2,-6,3,-18,16,-298,-735,874,-3342,-29,1,1354276317.146281
1941,-2,-2,6,-19,17,-298,-735,874,-3342,-29,1,1354276317.146395
1939,-4,0,6,-19,17,-298,-735,874,-3342,-29,1,1354276317.147119
1943,-4,-1,6,-19,17,-298,-732,874,-3343,-29,1,1354276317.14724
1941,-6,-3,4,-19,17,-299,-727,874,-3346,-29,1,1354276317.147356
1942,-4,-4,1,-18,17,-299,-724,874,-3349,-29,1,1354276317.147598
1944,-2,-5,1,-18,17,-299,-724,874,-3349,-29,1,1354276317.147708
1943,-3,-5,0,-18,17,-299,-724,874,-3349,-29,1,1354276317.147817
1943,-5,-2,0,-18,17,-298,-724,874,-3349,-28,1,1354276317.147925
1943,-6,-1,1,-18,17,-298,-725,874,-3348,-28,1,1354276317.148033
1943,-7,-1,1,-18,17,-298,-725,874,-3348,-28,1,1354276317.148152
1940,-8,0,0,-18,17,-299,-725,874,-3348,-28,1,1354276317.148271
1940,-8,-4,1,-18,17,-299,-729,874,-3345,-29,1,1354276317.148397
1942,-4,-5,1,-19,18,-299,-734,874,-3341,-28,1,1354276317.148543
1944,-4,-2,1,-19,17,-298,-735,874,-3341,-28,1,1354276317.148706
1943,-6,-3,2,-19,18,-298,-735,874,-3341,-28,1,1354276317.148827
1943,-6,-5,3,-18,18,-299,-735,874,-3341,-28,1,1354276317.148946
1942,-5,-5,3,-18,17,-298,-735,874,-3341,-28,1,1354276317.149057
1943,-4,-3,2,-18,17,-298,-735,874,-3341,-29,1,1354276317.14918
1943,-3,-2,1,-18,17,-298,-735,874,-3341,-29,1,1354276317.14932
1941,-3,-1,5,-19,17,-298,-735,874,-3341,-29,1,1354276317.14943
1940,-5,-2,4,-19,17,-298,-735,873,-3341,-28,1,1354276317.150198
1943,-6,-4,0,-18,17,-298,-732,873,-3342,-28,1,1354276317.150325
1941,-8,-3,-1,-19,17,-298,-726,873,-3345,-28,1,1354276317.150435
1941,-6,-3,1,-18,18,-298,-724,873,-3347,-28,1,1354276317.150543
1943,-6,-3,0,-18,17,-298,-724,873,-3347,-28,1,1354276317.15065
1944,-5,-5,2,-18,17,-299,-724,873,-3347,-28,1,1354276317.150759
1943,-5,-5,4,-18,17,-299,-725,873,-3347,-28,1,1354276317.150867
1944,-5,-5,4,-19,16,-299,-725,873,-3347,-28,1,1354276317.150975
1943,-6,-4,4,-19,17,-299,-724,873,-3347,-28,1,1354276317.151084
1943,-6,-6,5,-18,18,-298,-725,873,-3347,-28,1,1354276317.151352
1942,-5,-4,5,-18,17,-298,-727,873,-3343,-28,1,1354276317.151463
1940,-3,-3,2,-18,17,-298,-732,872,-3341,-28,1,1354276317.151572
1943,-3,-4,4,-18,17,-298,-734,872,-3341,-28,1,1354276317.15168
1942,-4,-7,5,-18,16,-298,-734,872,-3341,-28,1,1354276317.151788
1943,-2,-6,3,-19,17,-298,-734,872,-3341,-28,1,1354276317.151896
1942,-2,-3,2,-18,18,-298,-735,872,-3341,-28,1,1354276317.152017
1941,-3,-3,2,-18,17,-298,-735,872,-3341,-28,1,1354276317.152125
1939,-3,-3,3,-18,17,-298,-735,872,-3341,-28,1,1354276317.152247
1938,-3,-4,2,-19,17,-298,-735,872,-3341,-28,0,1354276317.152399
1936,-5,-5,3,-18,17,-297,-735,872,-3341,-28,0,1354276317.15334
1939,-7,-5,3,-19,17,-298,-731,872,-3342,-28,1,1354276317.15346
1938,-7,-5,3,-18,17,-299,-726,871,-3345,-28,1,1354276317.153579
1937,-8,-4,6,-18,17,-298,-724,871,-3347,-28,1,1354276317.153698
1939,-7,-3,6,-18,17,-298,-725,871,-3347,-28,1,1354276317.15383
1941,-5,-2,4,-18,18,-298,-724,871,-3347,-28,1,1354276317.153949
1939,-6,-2,3,-18,17,-298,-725,871,-3347,-28,1,1354276317.154063
1940,-8,-4,3,-18,17,-298,-725,871,-3347,-28,1,1354276317.15419
1940,-8,-6,3,-18,17,-298,-724,871,-3347,-28,0,1354276317.154344
1940,-7,-8,3,-18,17,-299,-724,871,-3347,-28,0,1354276317.154454
1940,-5,-6,4,-18,18,-299,-724,871,-3347,-28,1,1354276317.154572
1939,-4,-3,3,-18,18,-298,-727,871,-3343,-28,1,1354276317.15468
1937,-6,-3,3,-19,18,-298,-733,871,-3340,-28,1,1354276317.154788
1940,-6,-2,1,-19,17,-298,-735,872,-3338,-28,1,1354276317.154896
1940,-4,-4,2,-19,17,-298,-735,872,-3339,-27,1,1354276317.155005
1940,-2,-5,2,-18,17,-298,-735,871,-3338,-28,1,1354276317.1553
1941,-1,-3,3,-18,17,-298,-735,871,-3338,-28,1,1354276317.155412
1941,-1,-4,2,-18,17,-298,-735,871,-3339,-28,1,1354276317.155521
1942,-3,-4,3,-18,17,-298,-735,871,-3338,-27,1,1354276317.155629
1941,-2,-2,4,-18,17,-298,-735,871,-3339,-27,1,1354276317.156481
1942,-2,-2,4,-19,17,-298,-732,871,-3341,-28,1,1354276317.15659
1941,-7,-1,2,-19,17,-299,-728,871,-3344,-28,1,1354276317.156706
1940,-6,-1,1,-19,17,-299,-727,871,-3346,-27,1,1354276317.156815
1942,-4,-3,3,-18,17,-298,-727,871,-3346,-27,1,1354276317.156924
1942,-4,-3,3,-17,18,-298,-726,871,-3347,-28,1,1354276317.157176
1944,-7,-3,4,-17,17,-298,-726,871,-3347,-28,1,1354276317.157324
1943,-7,-1,6,-18,17,-298,-726,871,-3347,-28,1,1354276317.157475
1944,-6,-1,3,-18,16,-298,-726,871,-3348,-27,1,1354276317.157611
1943,-9,-5,3,-18,17,-298,-726,871,-3348,-27,1,1354276317.15772
1942,-6,-5,4,-18,18,-299,-730,871,-3344,-27,0,1354276317.157836
1940,-3,-5,5,-18,18,-298,-735,870,-3340,-28,1,1354276317.157968
1943,-5,-4,4,-18,17,-298,-737,869,-3339,-28,1,1354276317.158094
1943,-5,-5,3,-18,17,-298,-738,869,-3339,-28,1,1354276317.158243
1944,-3,-3,5,-18,17,-298,-738,869,-3339,-28,1,1354276317.158367
1943,-2,-1,5,-18,18,-298,-738,870,-3339,-28,1,1354276317.158486
1944,-4,-2,5,-19,17,-299,-737,870,-3339,-28,1,1354276317.158612
1942,-5,-3,3,-19,17,-299,-737,870,-3339,-28,1,1354276317.158733
1943,-7,-4,3,-19,17,-298,-737,870,-3339,-28,1,1354276317.158862
1940,-5,-7,4,-19,17,-298,-737,870,-3339,-28,1,1354276317.159697
1941,-4,-4,4,-18,17,-298,-734,871,-3340,-28,1,1354276317.159804
1941,-3,-1,5,-18,17,-298,-728,871,-3344,-28,1,1354276317.15992
1941,-3,-3,2,-19,18,-298,-725,871,-3346,-28,1,1354276317.160036
1942,-5,-4,1,-18,18,-298,-725,871,-3346,-28,1,1354276317.160389
1943,-5,-4,3,-18,17,-299,-725,871,-3346,-28,1,1354276317.160759
1943,-4,-4,4,-18,17,-299,-726,870,-3345,-28,1,1354276317.161137
1943,-7,-2,4,-18,18,-299,-726,870,-3345,-27,1,1354276317.161438
1943,-8,-1,4,-18,18,-298,-726,871,-3345,-28,1,1354276317.16156
1943,-7,-4,2,-19,17,-298,-725,871,-3346,-27,1,1354276317.161686
1943,-7,-6,1,-19,17,-298,-725,871,-3346,-28,1,1354276317.161805
1942,-4,-6,1,-19,17,-298,-728,870,-3343,-27,1,1354276317.161922
1940,-4,-2,-1,-18,17,-298,-733,870,-3340,-27,1,1354276317.162038
1943,-4,-1,1,-19,17,-298,-735,870,-3340,-27,1,1354276317.162146
1943,-4,-2,1,-19,17,-298,-736,869,-3340,-27,1,1354276317.162268
1944,-4,-2,0,-19,17,-298,-735,870,-3340,-28,1,1354276317.162404
1943,-4,-3,0,-19,17,-298,-735,870,-3340,-28,1,1354276317.162579
1943,-4,-2,1,-19,17,-298,-735,870,-3340,-28,1,1354276317.162698
1942,-5,-2,1,-19,17,-298,-736,869,-3340,-27,1,1354276317.162805
1943,-5,-1,3,-19,17,-298,-735,870,-3340,-27,0,1354276317.163269
1940,-8,2,2,-18,17,-298,-736,869,-3340,-27,1,1354276317.163721
1941,-3,-1,3,-18,17,-298,-727,871,-3344,-27,1,1354276317.163982
1941,-4,-2,4,-17,17,-298,-726,872,-3346,-27,1,1354276317.164106
1943,-3,-3,3,-17,17,-298,-726,872,-3345,-27,1,1354276317.16423
1944,-3,-4,0,-18,17,-298,-726,872,-3345,-27,1,1354276317.164357
1943,-3,-3,2,-18,17,-298,-726,873,-3345,-27,1,1354276317.164466
1944,-4,-1,3,-18,17,-298,-726,873,-3345,-27,1,1354276317.164574
1943,-4,-1,3,-19,17,-298,-726,872,-3345,-27,1,1354276317.164682
1944,-1,-4,4,-19,17,-298,-726,872,-3345,-27,1,1354276317.1648
1942,-4,-1,3,-18,17,-298,-728,872,-3344,-27,1,1354276317.165066
1943,-6,-2,4,-18,17,-298,-735,870,-3339,-27,1,1354276317.165411
1943,-6,-3,3,-18,17,-298,-736,869,-3339,-27,1,1354276317.165576
1944,-5,-3,1,-18,17,-298,-736,869,-3339,-27,1,1354276317.165709
1943,-4,-2,3,-17,17,-297,-736,869,-3339,-27,1,1354276317.165848
1944,-4,-2,6,-18,17,-298,-735,871,-3339,-27,1,1354276317.166071
1943,-2,-3,4,-18,17,-298,-736,870,-3339,-27,1,1354276317.166364
1943,-3,-5,1,-18,17,-298,-735,870,-3338,-27,1,1354276317.167234
1941,-2,-4,0,-19,17,-298,-736,869,-3339,-27,1,1354276317.16825
1942,-3,-4,2,-18,17,-298,-734,871,-3340,-27,1,1354276317.168377
1941,-3,-4,4,-18,17,-298,-727,872,-3343,-27,1,1354276317.168526
1941,-3,-3,2,-18,18,-299,-725,873,-3346,-28,1,1354276317.168647
1944,-5,-2,3,-18,17,-298,-725,873,-3346,-27,1,1354276317.168919
1943,-5,-3,0,-17,17,-298,-725,873,-3346,-27,1,1354276317.169041
1944,-5,-3,1,-18,18,-298,-725,873,-3346,-27,1,1354276317.169161
1943,-5,-1,2,-18,18,-298,-726,873,-3345,-27,1,1354276317.16928
1944,-5,-2,1,-18,18,-298,-725,873,-3346,-27,1,1354276317.169438
1942,-6,-3,2,-18,18,-298,-725,873,-3346,-27,1,1354276317.169638
1942,-3,-3,3,-18,17,-298,-727,872,-3343,-27,1,1354276317.169816
1941,-2,-4,3,-18,18,-298,-733,871,-3339,-27,1,1354276317.170014
1943,-4,-4,2,-18,18,-297,-735,870,-3338,-27,1,1354276317.170235
1943,-4,-4,0,-18,17,-298,-735,870,-3338,-27,1,1354276317.170461
1944,-5,-5,0,-18,17,-298,-735,870,-3338,-27,1,1354276317.170667
1943,-4,-3,3,-18,17,-298,-735,870,-3338,-26,1,1354276317.171112
1942,-5,-3,2,-18,17,-298,-736,869,-3339,-27,1,1354276317.171351
1943,-5,-3,3,-18,17,-298,-735,870,-3339,-27,1,1354276317.172519
1941,-5,-4,4,-18,17,-298,-735,870,-3338,-27,1,1354276317.1731
1942,-5,-4,4,-19,17,-299,-733,871,-3338,-27,1,1354276317.17332
1941,-6,-4,3,-19,18,-299,-726,872,-3340,-27,1,1354276317.173566
1941,-6,-3,2,-18,18,-299,-724,873,-3342,-27,1,1354276317.17379
1942,-5,-3,2,-18,17,-299,-724,873,-3343,-27,1,1354276317.174019
1943,-5,-5,7,-18,17,-298,-723,873,-3343,-27,1,1354276317.17455
1944,-5,-4,4,-18,17,-298,-723,873,-3343,-27,1,1354276317.174786
1943,-4,-4,1,-18,17,-298,-723,873,-3344,-27,1,1354276317.174998
1944,-6,-5,3,-18,17,-298,-723,873,-3344,-26,1,1354276317.175222
1942,-5,-3,2,-18,18,-298,-723,873,-3344,-26,1,1354276317.175447
1939,-4,-3,2,-18,17,-297,-726,873,-3343,-26,1,1354276317.17569
1937,-4,-2,4,-18,17,-297,-732,870,-3341,-27,1,1354276317.175917
1940,-5,-4,2,-18,17,-298,-734,869,-3340,-27,1,1354276317.176145
1939,-4,-7,2,-18,17,-298,-734,869,-3340,-27,1,1354276317.176368
1940,-2,-8,3,-18,17,-298,-734,870,-3340,-27,1,1354276317.176582
1940,-2,-5,2,-18,17,-298,-734,870,-3340,-27,1,1354276317.176792
1939,-3,-4,3,-18,17,-298,-734,870,-3340,-27,1,1354276317.177284
1938,-4,-4,4,-18,17,-297,-734,870,-3340,-27,1,1354276317.178187
1938,-4,-3,3,-18,17,-298,-734,870,-3340,-27,1,1354276317.17852
1938,-5,-2,2,-18,17,-298,-728,873,-3341,-26,1,1354276317.178788
1937,-4,-5,1,-19,17,-298,-726,874,-3343,-27,1,1354276317.17891
1939,-5,-3,1,-18,17,-298,-726,874,-3343,-27,1,1354276317.179037
1941,-5,-2,1,-18,17,-298,-726,874,-3342,-27,1,1354276317.179163
1940,-3,-2,3,-18,18,-299,-726,874,-3342,-27,1,1354276317.179282
1940,-3,-2,3,-19,18,-298,-726,874,-3342,-27,1,1354276317.1794
1939,-6,-3,3,-18,17,-299,-726,874,-3342,-26,1,1354276317.17952
1938,-5,-3,6,-18,17,-298,-726,875,-3343,-26,1,1354276317.179792
1938,-5,-2,5,-18,16,-299,-728,873,-3343,-26,1,1354276317.179914
1939,-6,-2,2,-18,16,-298,-732,869,-3343,-26,1,1354276317.18004
1941,-5,-5,2,-19,16,-298,-733,868,-3342,-26,1,1354276317.180164
1940,-4,-5,1,-19,16,-298,-734,868,-3342,-26,1,1354276317.180353
1942,-5,-5,1,-18,17,-298,-734,868,-3342,-26,1,1354276317.180578
1942,-7,-5,1,-18,17,-298,-734,868,-3342,-26,1,1354276317.180709
1943,-5,-4,-1,-18,17,-298,-733,868,-3342,-27,1,1354276317.180838
1942,-5,-4,-2,-18,17,-298,-733,868,-3342,-27,1,1354276317.180958
1941,-5,-3,-1,-18,17,-298,-733,868,-3341,-27,1,1354276317.181708
1940,-6,-3,5,-19,17,-298,-733,868,-3341,-26,1,1354276317.182037
1940,-6,-2,6,-19,18,-297,-732,869,-3341,-26,1,1354276317.182168
1938,-4,-2,1,-18,18,-298,-729,872,-3341,-26,1,1354276317.182369
1940,-4,-4,0,-18,18,-298,-727,874,-3342,-26,1,1354276317.182605
1939,-6,-5,2,-18,18,-298,-727,875,-3342,-26,1,1354276317.182836
1940,-8,-2,3,-19,17,-298,-727,875,-3342,-26,1,1354276317.183012
1939,-7,-3,1,-18,17,-298,-727,875,-3342,-26,1,1354276317.183167
1939,-6,-5,1,-17,17,-298,-727,874,-3342,-26,1,1354276317.183388
1939,-6,-5,2,-17,17,-298,-727,874,-3342,-26,1,1354276317.183614
1940,-2,-4,1,-18,17,-298,-727,874,-3342,-26,1,1354276317.183857
1938,-1,-4,0,-18,17,-299,-727,874,-3343,-26,1,1354276317.184074
1937,-1,-4,-1,-18,17,-299,-728,873,-3342,-26,1,1354276317.184307
1938,-2,-5,2,-18,17,-298,-731,869,-3342,-27,1,1354276317.184542
1940,-2,-4,3,-18,17,-298,-733,867,-3341,-26,1,1354276317.18478
1940,0,-2,1,-18,17,-298,-734,867,-3341,-26,1,1354276317.185015
1940,0,-2,-1,-18,18,-299,-734,867,-3341,-26,1,1354276317.185239
1940,-4,-1,3,-19,17,-298,-734,867,-3341,-26,1,1354276317.185473
1940,-5,-1,3,-19,17,-298,-734,867,-3341,-26,0,1354276317.185711
1936,-3,-3,0,-18,16,-298,-734,868,-3341,-26,1,1354276317.186795
1938,-5,-4,2,-18,17,-298,-734,868,-3342,-26,1,1354276317.187419
1938,-7,-2,4,-18,17,-297,-733,869,-3342,-26,1,1354276317.187541
1937,-4,0,3,-18,17,-298,-729,872,-3341,-26,1,1354276317.187667
1940,-4,-3,3,-18,17,-298,-726,875,-3341,-26,1,1354276317.187788
1939,-3,-6,1,-18,17,-299,-727,874,-3341,-26,1,1354276317.187908
1940,-2,-5,2,-18,17,-299,-726,874,-3341,-26,1,1354276317.188027
1940,-3,-2,5,-18,17,-298,-726,875,-3341,-26,1,1354276317.188173
1940,-4,-3,2,-18,18,-298,-726,875,-3341,-26,1,1354276317.188327
1939,-3,-2,1,-18,17,-298,-726,875,-3341,-26,1,1354276317.188448
1939,-5,-2,1,-17,17,-298,-726,875,-3341,-25,1,1354276317.188771
1938,-8,-3,4,-17,17,-299,-727,875,-3341,-25,1,1354276317.189115
1940,-5,-3,5,-18,17,-299,-728,874,-3340,-26,1,1354276317.189381
1940,-4,-4,4,-18,17,-298,-732,870,-3340,-26,1,1354276317.1896
1940,-3,-3,1,-18,17,-298,-734,867,-3340,-26,1,1354276317.189858
1940,-2,-3,1,-18,17,-298,-735,867,-3341,-26,1,1354276317.19001
1941,-1,-4,3,-18,17,-298,-735,867,-3341,-26,1,1354276317.190131
1940,-1,-4,3,-18,17,-298,-735,867,-3341,-26,1,1354276317.190283
1938,-6,-3,1,-17,17,-298,-734,868,-3341,-26,1,1354276317.190609
1937,-5,-4,1,-18,17,-299,-734,868,-3341,-26,1,1354276317.191601
1938,-3,-6,1,-18,17,-299,-735,868,-3341,-26,1,1354276317.19172
1939,-3,-4,1,-18,18,-298,-734,869,-3341,-26,1,1354276317.191969
1940,-6,-3,1,-18,17,-298,-730,872,-3340,-26,1,1354276317.192098
1939,-6,-3,2,-18,17,-299,-727,875,-3340,-26,0,1354276317.192427
1940,-7,-2,0,-18,17,-298,-727,875,-3340,-26,1,1354276317.192548
1939,-7,-4,-2,-17,17,-298,-727,875,-3340,-26,1,1354276317.192668
1940,-7,-4,-1,-18,17,-298,-727,875,-3340,-26,1,1354276317.19281
1939,-5,-4,-1,-18,17,-298,-727,875,-3341,-25,1,1354276317.192958
1934,-3,-3,1,-18,17,-298,-726,875,-3341,-26,1,1354276317.193269
1938,-5,-1,2,-18,17,-298,-728,874,-3341,-25,1,1354276317.193392
1939,-6,-2,3,-18,17,-298,-733,871,-3341,-25,1,1354276317.19352
1939,-6,-2,-2,-18,17,-298,-735,868,-3341,-25,1,1354276317.193796
1940,-5,-3,1,-18,18,-298,-735,869,-3341,-26,1,1354276317.193921
1939,-3,-5,4,-18,18,-297,-736,868,-3342,-26,0,1354276317.194048
1938,-4,-6,3,-18,18,-297,-736,868,-3342,-26,1,1354276317.194199
1940,-5,-3,4,-18,17,-297,-736,867,-3342,-25,1,1354276317.195496
1939,-5,-3,5,-18,17,-298,-736,867,-3342,-26,1,1354276317.195618
1938,-3,0,4,-18,17,-298,-734,869,-3341,-26,1,1354276317.195737
1939,-3,0,3,-18,18,-297,-729,873,-3340,-26,1,1354276317.195869
1941,-3,-2,3,-17,18,-297,-726,875,-3340,-25,1,1354276317.196001
1940,-3,-4,4,-17,18,-298,-727,875,-3341,-25,1,1354276317.196121
1942,-2,-4,5,-17,17,-299,-726,875,-3340,-25,1,1354276317.196328
1942,-2,-4,4,-17,17,-299,-726,875,-3340,-25,1,1354276317.196546
1943,-4,-3,2,-17,17,-298,-726,875,-3341,-26,1,1354276317.196686
1941,-5,-2,1,-18,18,-298,-726,875,-3341,-26,1,1354276317.196859
1941,-5,-2,0,-18,18,-298,-726,875,-3340,-26,1,1354276317.19699
1941,-4,-2,-2,-17,18,-298,-726,875,-3341,-26,1,1354276317.197156
1943,-3,-2,0,-18,18,-298,-727,874,-3340,-25,1,1354276317.197325
1942,-3,-2,0,-17,17,-298,-732,871,-3341,-25,1,1354276317.197446
1944,-4,-5,-1,-18,17,-297,-734,869,-3341,-26,1,1354276317.197565
1943,-4,-6,1,-18,18,-298,-734,868,-3341,-26,1,1354276317.197757
1944,-5,-5,3,-17,17,-298,-734,868,-3341,-25,1,1354276317.197879
1943,-7,-4,3,-18,17,-298,-734,868,-3341,-25,1,1354276317.197997
1941,-5,-3,1,-19,17,-297,-735,868,-3341,-26,1,1354276317.198123
1939,-2,-3,1,-19,17,-297,-734,868,-3341,-26,1,1354276317.198247
1942,-2,-3,3,-19,17,-297,-734,868,-3341,-25,1,1354276317.199259
1941,-3,-4,3,-18,17,-297,-735,868,-3342,-25,1,1354276317.199375
1942,-4,-2,1,-18,16,-298,-733,869,-3341,-25,1,1354276317.199502
1942,-3,-2,0,-18,17,-298,-728,873,-3341,-25,1,1354276317.199622
1943,-3,-2,3,-18,18,-299,-725,875,-3342,-26,1,1354276317.199741
1943,-3,0,2,-17,18,-298,-725,875,-3342,-26,1,1354276317.199861
1943,-3,-3,2,-18,18,-298,-725,875,-3341,-26,1,1354276317.199991
1943,-3,-4,4,-18,18,-298,-725,875,-3342,-25,0,1354276317.20023
1940,-6,-3,1,-18,17,-298,-725,875,-3342,-25,1,1354276317.200625
1943,-8,0,3,-18,18,-298,-725,875,-3342,-26,1,1354276317.200762
1942,-8,-1,4,-18,18,-299,-725,875,-3342,-25,1,1354276317.200888
1943,-5,0,3,-17,17,-299,-726,874,-3340,-25,1,1354276317.201008
1942,-5,0,3,-18,17,-298,-730,871,-3340,-25,1,1354276317.201152
1943,-6,-2,4,-19,17,-298,-733,868,-3340,-26,1,1354276317.201274
1943,-4,-5,4,-18,18,-298,-733,868,-3341,-26,1,1354276317.201399
1944,-4,-4,5,-18,17,-297,-733,868,-3341,-26,1,1354276317.201833
1941,-1,-2,1,-18,18,-299,-733,868,-3341,-26,1,1354276317.202116
1942,-1,-2,3,-18,17,-298,-733,868,-3341,-25,1,1354276317.20225
1943,-3,-2,3,-19,17,-298,-734,868,-3341,-25,0,1354276317.203169
1940,-6,-3,0,-19,17,-298,-734,868,-3341,-25,0,1354276317.20329
1941,-6,-2,-1,-18,16,-298,-733,869,-3340,-25,1,1354276317.203414
1943,-3,-4,0,-18,16,-298,-728,871,-3340,-25,1,1354276317.203533
1943,-3,-4,1,-18,17,-298,-725,873,-3341,-25,1,1354276317.203657
1943,-4,-3,2,-18,17,-299,-725,873,-3341,-25,1,1354276317.203779
1944,-4,-3,1,-18,17,-298,-725,874,-3341,-25,1,1354276317.203901
1941,-3,-5,1,-18,17,-298,-725,874,-3342,-25,1,1354276317.20401
1941,-5,-3,0,-17,17,-298,-725,874,-3342,-25,1,1354276317.204129
1942,-5,-3,1,-17,17,-298,-725,874,-3342,-25,1,1354276317.204268
1943,-4,-3,0,-18,18,-298,-725,874,-3342,-25,1,1354276317.204386
1942,-5,-4,0,-18,18,-297,-725,874,-3342,-25,1,1354276317.2045
1943,-5,-3,1,-18,18,-298,-726,873,-3341,-25,1,1354276317.204609
1942,-3,-2,2,-18,17,-298,-730,870,-3340,-25,1,1354276317.204718
1943,-4,-3,5,-18,17,-298,-733,868,-3340,-25,1,1354276317.204831
1943,-6,-2,5,-18,18,-297,-734,868,-3340,-25,1,1354276317.204956
1942,-4,-2,3,-18,18,-297,-734,868,-3340,-26,1,1354276317.205087
1941,-2,-3,2,-18,17,-298,-734,868,-3341,-25,1,1354276317.205224
1943,-3,-3,2,-18,17,-297,-734,868,-3341,-25,1,1354276317.205343
1942,-5,-2,1,-18,17,-297,-734,868,-3341,-25,1,1354276317.205467
1942,-4,-2,2,-18,18,-297,-734,868,-3341,-25,1,1354276317.206404
1940,6,13,5,-19,18,-297,-734,868,-3341,-26,1,1354276317.206523
1943,21,51,6,-17,17,-298,-731,867,-3341,-25,1,1354276317.206643
1943,18,11,3,-14,17,-299,-726,868,-3342,-25,1,1354276317.206769
1944,-4,-40,-4,-17,16,-298,-724,870,-3344,-24,1,1354276317.206883
1943,3,0,-16,-18,17,-298,-726,871,-3343,-25,1,1354276317.206992
1943,15,57,11,-18,17,-299,-724,869,-3344,-25,1,1354276317.2071
1933,45,93,36,-18,17,-300,-718,865,-3341,-25,1,1354276317.207241
1925,73,42,18,-19,16,-300,-718,857,-3326,-26,1,1354276317.207361
1925,94,22,-23,-22,16,-308,-737,845,-3286,-25,1,1354276317.207476
1926,185,229,-132,-17,10,-328,-744,813,-3179,-25,1,1354276317.207584
1925,266,276,-214,-13,3,-332,-694,737,-2949,-25,1,1354276317.207698
1926,333,-34,-274,-11,0,-325,-621,625,-2617,-25,1,1354276317.207806
1926,304,-196,-302,-10,-6,-323,-555,510,-2257,-25,1,1354276317.207915
1927,161,-189,-268,-17,-8,-333,-481,419,-1929,-25,1,1354276317.208033
1925,23,-180,-206,-16,-6,-330,-401,361,-1638,-25,1,1354276317.208173
1925,-32,-162,-149,-8,-9,-319,-329,325,-1397,-25,1,1354276317.208293
1926,86,-109,-71,0,-10,-319,-267,300,-1219,-25,1,1354276317.208417
1932,68,-103,-32,-1,-13,-310,-213,277,-1089,-25,1,1354276317.208536
1938,-14,-63,-170,-10,-3,-300,-171,262,-995,-25,0,1354276317.209118
1940,-12,-148,-296,-18,1,-298,-142,250,-925,-25,1,1354276317.209683
1938,122,-302,-341,-27,6,-295,-128,239,-874,-25,1,1354276317.209802
1941,244,-251,-314,-37,1,-299,-119,223,-836,-25,1,1354276317.209926
1940,291,-28,-225,-41,-7,-308,-110,210,-811,-25,1,1354276317.210045
1941,259,324,-163,-40,-14,-307,-91,195,-790,-25,1,1354276317.21018
1939,82,308,-61,-28,-16,-300,-68,184,-770,-25,1,1354276317.2103
1931,-7,254,17,-19,-18,-279,-48,179,-752,-24,1,1354276317.210433
1923,-17,253,70,-19,-17,-271,-30,175,-738,-25,1,1354276317.210558
1924,49,30,80,-14,-25,-269,-17,169,-726,-25,1,1354276317.210681
1924,19,34,36,-14,-36,-275,-9,164,-720,-25,1,1354276317.2108
1925,-126,-34,-26,-16,-33,-272,-1,161,-714,-25,1,1354276317.210924
1924,-328,-163,-163,-27,-19,-262,-2,165,-710,-25,1,1354276317.211043
1925,-505,337,-156,-23,-2,-275,1,177,-703,-25,1,1354276317.211173
1924,-351,369,-43,-1,3,-283,15,188,-694,-25,1,1354276317.211311
1923,-141,-275,48,-8,3,-288,16,194,-689,-25,1,1354276317.211442
1922,-69,-177,110,-25,6,-295,9,195,-688,-25,1,1354276317.211561
1925,-178,105,53,-14,-6,-295,10,198,-687,-25,1,1354276317.21168
1924,-437,58,-84,-7,-10,-297,14,207,-685,-25,1,1354276317.211798
1925,-466,-108,-188,-10,3,-303,12,221,-680,-25,1,1354276317.211921
1923,-249,-163,-254,-21,17,-305,5,232,-678,-25,1,1354276317.212429
1923,-120,-60,-202,-24,26,-307,0,239,-676,-25,1,1354276317.212984
1921,7,-142,-83,-21,19,-310,-4,240,-676,-26,1,1354276317.213105
1922,-93,61,-82,-20,6,-310,-5,240,-676,-26,1,1354276317.213298
1923,-317,409,-298,-15,16,-300,2,246,-674,-26,1,1354276317.2135
1933,-219,986,-466,-12,35,-286,19,256,-671,-25,1,1354276317.21371
1936,26,938,-245,4,41,-281,43,260,-667,-25,1,1354276317.213935
1937,191,420,115,15,18,-294,71,250,-666,-25,1,1354276317.214475
1938,36,334,216,22,16,-299,83,246,-664,-25,1,1354276317.214728
1933,-49,357,222,34,9,-310,94,246,-663,-25,1,1354276317.214964
1925,-223,631,31,36,5,-315,108,248,-657,-25,1,1354276317.215189
1922,177,646,90,52,30,-291,149,252,-641,-24,1,1354276317.215729
1921,286,1008,125,51,20,-295,168,245,-634,-24,1,1354276317.215986
1922,274,1508,13,76,15,-284,201,237,-620,-25,1,1354276317.216121
1922,72,1311,-3,104,14,-270,234,233,-604,-25,1,1354276317.216359
1927,-142,979,26,122,11,-272,261,233,-588,-25,1,1354276317.216572
1929,-254,1332,44,137,23,-264,308,244,-552,-25,1,1354276317.217063
1929,-98,1246,128,161,26,-251,335,247,-527,-25,1,1354276317.218018
1929,15,1155,171,166,21,-239,362,246,-507,-24,1,1354276317.219048
1928,85,1159,123,185,16,-232,385,243,-486,-24,1,1354276317.219222
1932,-10,907,153,204,11,-214,422,233,-448,-25,1,1354276317.219714
1932,-129,915,129,210,8,-198,438,232,-429,-24,1,1354276317.219853
1928,-226,938,96,218,7,-192,454,233,-409,-25,1,1354276317.219974
1930,-105,1046,41,226,7,-192,470,235,-386,-25,1,1354276317.220093
1929,52,1291,22,237,10,-181,488,235,-359,-24,1,1354276317.220238
1933,120,1253,103,249,11,-157,507,232,-327,-24,1,1354276317.220359
1937,114,1062,268,254,13,-148,523,227,-301,-24,1,1354276317.220477
1937,117,1019,347,257,11,-141,539,217,-277,-24,1,1354276317.220595
1935,110,997,256,261,2,-128,553,208,-252,-24,1,1354276317.220721
1936,94,913,100,271,-2,-114,563,203,-227,-24,1,1354276317.220839
1934,93,752,-29,272,-1,-105,571,202,-204,-25,1,1354276317.220964
1933,94,635,-163,277,0,-96,577,203,-184,-25,1,1354276317.221083
1936,22,435,-159,284,1,-88,579,207,-171,-24,1,1354276317.221269
1939,-54,380,-69,282,3,-85,580,209,-161,-24,1,1354276317.221389
1939,-76,611,-26,280,1,-84,582,211,-147,-24,1,1354276317.221508
1941,-43,829,-67,282,1,-75,586,213,-127,-24,1,1354276317.221627
1940,-229,81,-34,291,5,-57,588,217,-100,-24,1,1354276317.223437
1940,-195,234,-32,290,4,-60,588,219,-94,-25,1,1354276317.223642
1942,-121,484,-53,289,6,-56,588,221,-82,-24,1,1354276317.223854
1940,-57,716,-54,289,10,-46,587,224,-67,-25,1,1354276317.224067
1939,-22,840,-20,290,12,-35,585,226,-47,-24,1,1354276317.22429
1940,26,794,27,295,10,-23,586,227,-26,-24,1,1354276317.224514
1942,24,694,74,294,10,-15,585,227,-8,-24,1,1354276317.224723
1941,6,773,98,291,8,-6,585,224,11,-24,1,1354276317.224949
1941,38,846,33,293,6,19,580,223,55,-24,1,1354276317.225419
1942,20,802,51,294,8,33,578,222,77,-24,1,1354276317.225632
1941,-21,686,23,295,7,43,574,221,96,-24,1,1354276317.225842
1941,-2,689,6,290,6,48,571,221,113,-24,1,1354276317.226101
1939,21,892,16,289,6,58,567,222,135,-24,1,1354276317.226274
1942,33,1054,6,289,5,74,561,222,162,-24,1,1354276317.226396
1941,28,1239,8,284,4,88,551,222,191,-24,1,1354276317.226525
1942,25,1223,6,278,3,102,538,223,223,-24,1,1354276317.226649
1941,14,1047,-2,271,5,113,526,221,249,-25,1,1354276317.22682
1941,38,1121,-11,265,5,126,515,223,275,-24,1,1354276317.22695
1940,83,1126,-3,261,5,144,500,224,302,-25,1,1354276317.227878
1939,84,838,10,256,5,156,486,226,325,-25,1,1354276317.228002
1940,-5,568,55,249,7,162,477,227,340,-25,1,1354276317.228121
1942,-80,622,86,243,8,167,469,224,354,-25,1,1354276317.228309
1940,-111,773,96,240,6,174,458,220,369,-25,1,1354276317.22848
1940,-144,744,66,235,4,183,446,215,384,-24,1,1354276317.228609
1941,-127,654,20,226,0,187,433,211,400,-25,1,1354276317.228728
1942,-79,779,7,222,-2,195,421,211,416,-25,1,1354276317.228847
1941,-54,931,15,216,-1,203,405,208,435,-24,1,1354276317.228971
1941,16,1074,57,205,-1,212,385,206,455,-25,1,1354276317.22909
1941,43,1142,55,194,-2,225,361,207,475,-24,1,1354276317.229207
1939,-20,1139,15,173,-3,240,310,206,514,-23,1,1354276317.229472
1939,-19,1196,-5,162,-2,249,281,205,531,-24,1,1354276317.22959
1941,16,1217,-7,144,-1,253,251,207,548,-24,1,1354276317.229728
1942,152,1381,-28,126,1,261,216,209,565,-24,1,1354276317.229893
1941,232,1613,-29,108,3,273,176,214,580,-24,1,1354276317.230022
1942,181,1499,-20,95,4,293,133,219,592,-24,1,1354276317.230145
1941,86,1224,-73,80,6,296,94,223,602,-24,1,1354276317.230264
1942,-5,1090,-60,67,7,297,62,224,608,-24,1,1354276317.230381
1939,-116,942,50,57,6,302,32,223,614,-24,1,1354276317.231281
1939,-232,946,185,39,4,294,7,217,618,-24,1,1354276317.231398
1940,-208,1134,213,20,1,299,-21,210,623,-24,1,1354276317.231506
1941,-233,1204,84,8,1,304,-53,204,628,-24,1,1354276317.231614
1939,-166,1298,70,1,0,296,-88,197,630,-24,1,1354276317.231722
1941,-75,1283,171,-20,-7,296,-123,194,630,-24,1,1354276317.231835
1940,-186,1024,52,-50,-16,305,-154,189,628,-24,1,1354276317.231944
1939,-327,785,-104,-59,-20,301,-180,181,626,-25,1,1354276317.232051
1935,-163,746,-78,-67,-19,288,-203,173,624,-24,1,1354276317.23217
1937,4,765,10,-66,-19,296,-227,170,620,-24,1,1354276317.232295
1938,-38,851,216,-77,-13,301,-251,172,614,-24,1,1354276317.232408
1937,-1,1447,311,-118,-6,277,-280,172,603,-24,1,1354276317.232516
1938,266,2384,204,-133,-7,263,-332,178,576,-24,1,1354276317.232624
1942,323,1999,78,-134,-8,275,-394,187,538,-24,1,1354276317.232737
1942,245,1081,8,-158,-6,260,-435,194,510,-25,1,1354276317.232852
1943,312,1073,-92,-175,-3,242,-464,198,486,-24,1,1354276317.232959
1942,370,1078,-96,-186,3,240,-492,203,460,-24,1,1354276317.233067
1942,277,1107,33,-210,7,222,-536,213,413,-24,1,1354276317.233333
1940,120,1069,50,-227,12,203,-582,220,354,-24,1,1354276317.234369
1940,168,1386,71,-242,13,187,-602,225,322,-23,1,1354276317.234477
1940,201,1406,-2,-241,12,186,-625,227,282,-24,1,1354276317.234586
1941,69,1022,-32,-254,9,168,-642,228,248,-24,1,1354276317.234699
1941,-5,978,34,-275,9,153,-652,227,220,-23,1,1354276317.234807
1941,422,1766,224,-284,19,122,-670,236,131,-24,1,1354276317.235049
1942,352,1588,209,-283,22,99,-679,243,76,-24,1,1354276317.235174
1942,89,1288,73,-285,24,72,-684,249,30,-24,1,1354276317.235298
1942,-505,675,-241,-289,19,42,-689,243,-22,-24,1,1354276317.235723
1939,-401,1000,-365,-307,27,42,-695,235,-39,-24,1,1354276317.235955
1937,-10,872,-168,-315,28,56,-699,228,-68,-24,1,1354276317.236179
1940,193,858,164,-321,21,15,-697,228,-92,-24,1,1354276317.236361
1941,507,1681,323,-315,23,-4,-691,232,-132,-23,1,1354276317.236483
1941,573,1834,333,-287,24,-19,-679,238,-191,-24,1,1354276317.236602
1941,328,1362,233,-284,25,-42,-663,243,-241,-24,1,1354276317.236732
1941,227,1275,166,-296,26,-59,-647,244,-279,-24,1,1354276317.236853
1939,214,1450,135,-296,27,-76,-629,246,-318,-24,1,1354276317.236973
1938,241,1667,107,-290,25,-98,-606,246,-361,-24,1,1354276317.237091
1936,212,1757,-48,-275,19,-112,-578,243,-406,-24,1,1354276317.23803
1939,20,1427,-223,-261,26,-136,-553,238,-446,-23,1,1354276317.238151
1938,-195,1097,-198,-260,32,-160,-532,235,-472,-23,1,1354276317.23828
1940,-244,981,-104,-256,29,-164,-513,237,-491,-24,1,1354276317.238408
1939,-236,964,-65,-243,30,-178,-491,241,-508,-24,1,1354276317.238528
1935,-139,1156,-23,-238,34,-187,-465,244,-526,-24,1,1354276317.238646
1926,60,1443,13,-229,29,-198,-434,244,-550,-23,1,1354276317.238774
1925,210,1622,-68,-214,25,-214,-399,241,-577,-24,1,1354276317.238894
1925,304,1828,-78,-200,22,-226,-357,234,-607,-23,1,1354276317.239013
1925,146,1617,-110,-175,12,-241,-312,227,-633,-23,1,1354276317.23913
1923,-161,1102,-195,-161,13,-248,-279,226,-648,-23,1,1354276317.239262
1923,-281,901,-157,-153,20,-254,-255,231,-655,-23,1,1354276317.239385
1924,-210,1057,-139,-144,23,-268,-232,237,-660,-23,1,1354276317.239505
1925,-28,1397,-147,-133,26,-276,-198,239,-667,-23,1,1354276317.239623
1924,87,1569,-112,-110,24,-280,-159,237,-676,-24,1,1354276317.239751
1925,67,1344,-114,-88,20,-283,-120,232,-680,-24,1,1354276317.23987
1924,-16,988,-132,-74,19,-283,-89,231,-682,-24,1,1354276317.239994
1924,-26,865,-105,-65,19,-289,-65,232,-683,-24,1,1354276317.240117
1922,61,1051,-50,-58,20,-299,-38,232,-683,-23,1,1354276317.240236
1921,188,1189,-47,-42,19,-301,-5,228,-685,-23,1,1354276317.240353
1923,237,1064,-55,-25,15,-297,26,221,-685,-23,1,1354276317.242023
1923,224,819,-20,-14,10,-293,52,215,-685,-24,1,1354276317.242243
1924,157,780,-41,9,5,-302,95,204,-680,-23,1,1354276317.242685
1923,162,542,-43,22,4,-294,114,200,-676,-23,1,1354276317.242905
1924,58,140,-25,26,2,-291,123,199,-676,-24,1,1354276317.243119
1924,-46,2,12,24,3,-297,125,200,-675,-24,1,1354276317.243363
1925,-33,92,41,23,3,-299,127,201,-674,-24,1,1354276317.243577
1924,-12,176,19,28,2,-298,131,201,-673,-23,1,1354276317.243791
1924,-30,174,-36,32,3,-300,135,201,-671,-23,1,1354276317.244005
1924,-130,216,-35,33,5,-287,147,207,-667,-23,1,1354276317.24449
1924,-140,166,-14,34,8,-286,151,211,-665,-23,1,1354276317.244693
1925,-104,293,-2,32,14,-295,157,215,-661,-23,1,1354276317.244899
1924,19,443,-100,33,17,-300,164,215,-655,-24,1,1354276317.245112
1923,178,610,-196,48,15,-302,175,212,-650,-24,1,1354276317.245371
1921,254,451,-190,67,7,-301,186,207,-645,-23,1,1354276317.2456
1921,241,343,-20,77,-3,-298,194,201,-643,-23,0,1354276317.245815
1919,-4,268,100,71,-10,-286,214,190,-636,-24,1,1354276317.246313
1919,-30,122,44,77,-7,-285,220,190,-634,-24,1,1354276317.247897
1919,-86,-54,99,81,-8,-281,222,190,-633,-24,1,1354276317.248107
1919,-263,-209,128,75,-3,-279,220,193,-634,-23,1,1354276317.24829
1921,-304,-230,59,63,15,-287,217,200,-634,-23,1,1354276317.248404
1921,-155,-241,3,71,15,-297,210,208,-635,-23,1,1354276317.248513
1922,-6,-308,31,74,5,-297,203,212,-639,-23,1,1354276317.248622
1921,73,-566,19,63,4,-298,194,211,-645,-24,1,1354276317.248739
1922,65,-724,18,51,4,-297,177,208,-652,-24,1,1354276317.248855
1919,52,-656,13,38,7,-295,159,206,-659,-24,1,1354276317.24897
1919,61,-395,35,29,9,-296,147,204,-665,-24,1,1354276317.249081
1921,77,-193,48,29,4,-295,141,201,-668,-24,1,1354276317.249224
1923,43,-188,12,29,2,-296,137,198,-668,-23,1,1354276317.249347
1922,33,-107,4,26,2,-296,133,197,-670,-23,1,1354276317.249457
1922,32,-95,2,25,2,-298,131,196,-671,-23,1,1354276317.249576
1921,79,-124,2,23,2,-297,127,193,-672,-23,1,1354276317.249687
1920,-15,192,27,21,-3,-299,124,185,-673,-23,1,1354276317.25007
1921,106,672,73,25,0,-298,145,186,-666,-23,1,1354276317.250545
1919,4,1464,222,57,-12,-285,212,174,-646,-24,1,1354276317.251703
1921,-258,1423,203,78,-9,-289,250,178,-628,-24,1,1354276317.251827
1924,-233,1543,198,94,-6,-285,287,182,-605,-23,1,1354276317.251937
1924,-241,1659,164,117,-1,-274,328,188,-579,-23,1,1354276317.252046
1925,-105,1713,135,133,5,-254,369,194,-552,-24,1,1354276317.252183
1925,-21,1846,48,151,0,-241,407,196,-520,-24,1,1354276317.252305
1925,-242,1984,-10,170,0,-236,444,201,-481,-24,1,1354276317.25242
1922,-510,1959,-17,203,5,-218,479,211,-435,-24,1,1354276317.25255
1925,-503,1842,-85,236,14,-189,507,224,-388,-24,1,1354276317.252688
1925,-148,1691,-213,258,24,-166,530,235,-343,-23,1,1354276317.252876
1926,208,1652,-321,260,24,-158,549,243,-303,-24,1,1354276317.253088
1925,150,1741,-276,248,17,-162,563,248,-264,-23,1,1354276317.253281
1926,-203,1802,-163,260,14,-146,577,255,-216,-23,1,1354276317.253407
1925,-183,1847,-203,281,23,-100,587,259,-164,-23,1,1354276317.253516
1926,30,1642,-209,282,30,-71,592,265,-114,-24,1,1354276317.253624
1923,54,1518,-89,280,32,-56,595,269,-72,-24,1,1354276317.25374
1923,56,1589,65,279,29,-39,597,269,-30,-24,1,1354276317.253854
1929,6,1748,212,283,25,4,597,263,61,-24,1,1354276317.254499
1929,431,1867,332,296,24,49,584,253,158,-23,1,1354276317.255159
1925,447,1231,318,289,20,81,576,250,194,-23,1,1354276317.25529
1926,316,980,207,286,16,89,570,247,217,-23,1,1354276317.255416
1925,237,1209,49,286,16,95,561,249,241,-24,1,1354276317.255525
1926,152,1317,-64,276,16,111,547,255,270,-23,1,1354276317.255633
1925,102,1527,-132,270,18,127,528,261,305,-24,1,1354276317.255747
1924,168,1454,-74,261,23,147,504,267,341,-24,1,1354276317.255856
1922,212,1325,16,247,24,166,480,271,371,-23,1,1354276317.255965
1926,190,1447,78,238,23,178,456,273,398,-23,1,1354276317.256073
1926,212,1461,120,224,24,185,431,275,426,-23,1,1354276317.256218
1926,285,1699,109,208,27,202,401,277,454,-23,1,1354276317.256342
1925,97,1959,168,192,25,227,363,279,485,-24,1,1354276317.25645
1926,-47,1769,217,178,23,235,322,276,517,-23,1,1354276317.256559
1925,-219,1151,419,155,11,277,259,260,558,-23,0,1354276317.256819
1922,-310,989,293,124,7,273,237,248,574,-23,0,1354276317.256986
1926,32,1074,-147,99,14,251,210,241,589,-23,1,1354276317.257107
1925,486,806,-357,104,16,264,180,252,596,-23,1,1354276317.257242
1926,18,589,-54,102,11,303,160,264,599,-24,1,1354276317.257717
1923,-465,968,179,88,19,283,142,255,608,-23,1,1354276317.25826
1923,-422,1511,117,72,16,287,107,242,624,-23,1,1354276317.258476
1925,-394,1774,5,53,7,300,58,229,639,-23,1,1354276317.258659
1926,-413,1586,3,36,-2,310,7,216,649,-23,1,1354276317.258851
1925,-375,1309,56,6,-9,301,-35,204,657,-24,1,1354276317.259048
1926,-364,2214,-5,-30,-12,289,-86,194,662,-24,1,1354276317.259267
1924,-307,3149,-102,-44,-13,299,-174,183,653,-23,1,1354276317.259463
1924,-231,2145,-119,-66,-19,298,-258,171,636,-23,1,1354276317.25967
1925,-154,1721,-63,-110,-23,280,-311,163,618,-23,1,1354276317.259853
1931,-4,2360,40,-135,-27,276,-371,160,589,-23,1,1354276317.259996
1937,167,2050,141,-158,-25,271,-431,163,552,-23,1,1354276317.260108
1939,160,2603,182,-203,-16,250,-484,169,507,-23,1,1354276317.260251
1939,198,3702,276,-213,-12,236,-553,176,429,-23,1,1354276317.260372
1941,281,3030,236,-213,-13,203,-617,184,337,-23,1,1354276317.260481
1939,279,2226,212,-248,-11,158,-654,192,266,-23,1,1354276317.26059
1938,299,2083,237,-273,-5,130,-678,199,200,-23,1,1354276317.260718
1940,202,1932,271,-284,-2,108,-693,207,138,-23,1,1354276317.260909
1940,102,1953,274,-288,1,80,-703,216,81,-23,1,1354276317.261062
1937,63,1923,236,-298,9,59,-706,222,22,-23,1,1354276317.2612
1937,225,2186,315,-315,15,34,-704,231,-40,-23,1,1354276317.261987
1935,361,2595,360,-311,15,1,-693,240,-113,-23,1,1354276317.262334
1936,120,2300,296,-294,18,-31,-675,248,-188,-23,1,1354276317.262453
1938,-9,1838,186,-291,23,-50,-654,255,-244,-23,1,1354276317.262577
1939,135,1820,153,-294,27,-77,-632,258,-292,-23,1,1354276317.262697
1938,293,2054,130,-284,27,-109,-604,259,-344,-23,1,1354276317.262815
1937,471,2573,66,-272,28,-139,-563,256,-405,-23,1,1354276317.262928
1936,254,2830,-68,-241,22,-172,-513,249,-471,-23,1,1354276317.263045
1938,-51,2661,-117,-217,22,-187,-457,247,-525,-22,1,1354276317.26317
1938,-15,2512,82,-213,26,-203,-400,249,-569,-23,1,1354276317.26329
1939,-67,2311,284,-189,33,-236,-338,253,-605,-23,1,1354276317.263402
1936,-72,2093,319,-152,35,-252,-279,259,-629,-24,1,1354276317.263517
1929,79,1974,267,-128,33,-264,-224,262,-646,-23,1,1354276317.263626
1923,277,2080,234,-108,30,-281,-166,260,-660,-23,1,1354276317.263733
1923,423,2234,179,-83,25,-289,-104,252,-673,-23,1,1354276317.263847
1920,437,2162,101,-55,21,-292,-41,239,-679,-23,1,1354276317.26396
1919,428,1861,-20,-27,11,-297,15,225,-682,-23,1,1354276317.264069
1924,375,1165,-168,14,2,-299,96,202,-676,-23,1,1354276317.264356
1932,34,399,-99,46,-2,-290,141,190,-668,-22,1,1354276317.26513
1933,-78,21,-14,44,-2,-300,144,192,-666,-23,1,1354276317.265475
1937,-55,55,6,38,0,-299,145,193,-665,-23,1,1354276317.265585
1937,-33,14,23,39,1,-293,146,194,-664,-23,1,1354276317.265693
1926,-16,-40,28,39,-2,-298,146,196,-665,-23,1,1354276317.265936
1924,-17,-73,5,39,-2,-296,145,200,-668,-23,1,1354276317.266053
1925,-13,-168,1,38,-1,-297,141,202,-670,-23,1,1354276317.26618
1926,-28,-257,-9,34,-1,-299,136,201,-670,-23,1,1354276317.266306
1925,-102,-518,-3,31,1,-297,125,203,-672,-23,1,1354276317.266425
1926,-324,-1469,70,26,7,-286,99,208,-675,-23,1,1354276317.266552
1925,-662,-3227,205,2,11,-278,35,221,-679,-23,1,1354276317.266669
1926,-592,-3799,333,-63,20,-291,-65,238,-676,-23,1,1354276317.266777
1925,-87,-2427,236,-113,29,-292,-148,246,-665,-22,1,1354276317.266908
1924,179,-1908,79,-129,27,-275,-201,243,-656,-22,1,1354276317.267028
1922,178,-2065,30,-145,22,-258,-254,236,-642,-22,1,1354276317.267159
1925,251,-2098,-106,-161,16,-243,-310,226,-621,-22,1,1354276317.267288
1925,76,-2669,-160,-192,15,-217,-369,218,-594,-23,1,1354276317.267403
1926,-174,-3756,-192,-228,23,-183,-446,215,-541,-23,1,1354276317.267512
1925,-132,-4760,-282,-257,23,-144,-536,213,-451,-22,1,1354276317.26762
1924,70,-4971,-258,-288,9,-86,-618,205,-333,-22,1,1354276317.268883
1921,-28,-4683,39,-312,1,-22,-671,201,-205,-23,1,1354276317.269295
1922,-348,-4358,97,-302,3,31,-693,207,-73,-23,1,1354276317.269415
1920,-423,-3835,-297,-288,6,65,-691,204,51,-24,1,1354276317.269595
1921,-281,-2923,-523,-273,6,104,-678,190,154,-23,1,1354276317.269839
1928,15,-2041,-517,-253,-6,158,-660,176,224,-23,1,1354276317.270056
1933,157,-3809,-235,-213,-19,226,-588,167,350,-22,1,1354276317.270351
1928,107,-4972,39,-211,-10,252,-495,171,456,-22,1,1354276317.270472
1924,255,-4391,146,-146,-10,263,-382,179,545,-23,1,1354276317.270598
1925,511,-3914,38,-82,-5,286,-268,195,597,-23,1,1354276317.270716
1923,586,-3565,-3,-31,6,318,-162,214,624,-23,1,1354276317.270839
1922,450,-3790,98,14,11,331,-53,232,630,-23,1,1354276317.270948
1921,334,-4413,107,64,4,309,68,245,615,-23,1,1354276317.271063
1927,541,-4982,-67,143,19,279,197,258,572,-23,1,1354276317.271189
1927,744,-5641,-44,214,31,236,325,276,492,-23,1,1354276317.271317
1931,624,-6269,-79,258,34,189,441,290,371,-23,1,1354276317.271435
1930,481,-6533,-240,293,39,120,522,301,215,-23,1,1354276317.27156
1930,356,-6024,-385,295,44,38,557,310,51,-23,1,1354276317.271682
1929,321,-4713,-456,269,50,-43,552,318,-89,-23,0,1354276317.27179
1930,362,-3190,-451,243,56,-99,529,324,-188,-22,1,1354276317.272577
1926,297,-2342,-427,229,58,-131,501,329,-253,-22,1,1354276317.272917
1925,211,-1862,-607,212,59,-157,472,335,-301,-22,1,1354276317.273029
1922,55,-1822,-859,211,62,-166,438,348,-340,-22,1,1354276317.273148
1923,-248,-1482,-755,203,72,-180,402,363,-371,-23,1,1354276317.273272
1923,-483,-985,-412,196,88,-194,376,381,-387,-23,1,1354276317.273394
1925,-668,-568,89,189,93,-199,362,395,-393,-23,1,1354276317.273508
1930,-657,281,624,168,93,-212,370,399,-384,-22,1,1354276317.273617
1931,-309,735,603,151,96,-219,395,395,-363,-22,1,1354276317.273725
1925,149,717,152,170,104,-214,413,390,-348,-23,1,1354276317.27384
1924,187,445,-154,207,103,-195,419,386,-339,-23,1,1354276317.273949
1928,-82,-18,-162,236,92,-193,417,388,-336,-23,1,1354276317.274057
1937,23,-304,14,236,85,-204,413,389,-338,-23,1,1354276317.274182
1936,295,-666,-69,209,86,-205,407,384,-349,-23,1,1354276317.274308
1929,302,-769,-211,182,89,-202,396,380,-367,-23,1,1354276317.274444
1928,361,-783,-221,164,92,-212,382,376,-386,-23,1,1354276317.274563
1931,435,-732,-202,162,84,-203,367,370,-402,-23,1,1354276317.2748
1934,87,-750,-333,178,76,-210,351,367,-417,-23,1,1354276317.274939
1940,-120,-664,-298,181,89,-247,333,372,-428,-23,1,1354276317.275069
1939,247,-359,140,171,94,-264,325,373,-435,-22,1,1354276317.275188
1940,640,-348,471,162,86,-262,327,357,-447,-22,1,1354276317.276064
1939,682,-397,500,150,72,-257,332,335,-463,-23,1,1354276317.276506
1937,541,-578,342,140,57,-255,334,314,-479,-22,1,1354276317.276633
1930,252,-778,9,129,52,-249,325,300,-496,-22,1,1354276317.276757
1929,-227,-733,-204,120,53,-243,311,298,-507,-22,1,1354276317.276881
1934,-454,-669,-249,107,55,-257,296,309,-512,-22,1,1354276317.277007
1937,-158,-461,-231,101,63,-274,282,319,-519,-22,1,1354276317.277125
1936,277,-194,-24,105,74,-278,275,319,-526,-23,1,1354276317.277283
1934,608,-123,311,112,69,-278,276,305,-534,-23,1,1354276317.277395
1933,782,-296,534,104,53,-277,280,281,-545,-23,1,1354276317.277518
1937,794,-351,281,88,35,-278,281,255,-558,-22,1,1354276317.277684
1937,673,-267,-6,95,26,-278,277,233,-571,-23,1,1354276317.277806
1938,606,-385,-57,94,21,-281,271,216,-581,-23,1,1354276317.277921
1937,580,-495,-130,86,11,-286,261,200,-592,-22,1,1354276317.278063
1938,608,-439,-204,79,4,-291,249,186,-603,-22,1,1354276317.27818
1937,676,-267,-147,82,-2,-292,241,168,-611,-22,1,1354276317.278343
1938,851,-143,22,87,-14,-294,237,145,-614,-22,1,1354276317.278464
1936,1129,59,190,89,-33,-288,240,113,-618,-22,1,1354276317.278581
1936,1267,237,282,94,-54,-267,249,77,-623,-22,1,1354276317.2787
1936,1118,227,301,94,-65,-242,259,41,-626,-22,1,1354276317.279009
1938,853,221,478,83,-64,-233,268,11,-627,-21,1,1354276317.279821
1939,848,-91,342,70,-62,-272,280,-39,-631,-22,1,1354276317.280101
1938,1674,-82,224,58,-56,-310,276,-75,-634,-22,1,1354276317.28028
1925,2392,-186,879,63,-154,-221,266,-202,-613,-23,1,1354276317.280529
1931,2856,-358,964,59,-182,-201,249,-277,-595,-23,1,1354276317.28064
1938,3499,-433,862,47,-206,-183,225,-361,-560,-22,1,1354276317.280764
1942,3671,-284,746,42,-234,-154,202,-448,-506,-23,1,1354276317.280886
1941,3625,-102,698,30,-253,-114,181,-525,-439,-23,1,1354276317.280996
1942,3592,141,789,17,-277,-73,161,-588,-358,-22,1,1354276317.281103
1942,3258,263,679,19,-307,-32,139,-635,-274,-22,1,1354276317.281257
1943,2536,140,362,15,-339,6,123,-667,-198,-22,1,1354276317.281373
1942,1480,25,48,13,-360,32,113,-683,-146,-22,1,1354276317.281481
1943,508,-75,-298,12,-359,47,115,-688,-121,-22,1,1354276317.281596
1940,-57,-108,-351,8,-347,51,122,-688,-117,-22,1,1354276317.281711
1941,-271,-30,-239,4,-336,49,131,-687,-121,-22,1,1354276317.281819
1942,-405,62,-156,7,-327,42,136,-687,-128,-22,1,1354276317.281927
1943,-492,87,-88,14,-321,35,139,-684,-140,-22,1,1354276317.282035
1941,-487,80,17,19,-317,27,141,-683,-152,-22,1,1354276317.28215
1940,-256,-9,61,19,-304,15,141,-678,-170,-22,1,1354276317.283337
1941,-144,-6,59,14,-302,10,141,-678,-174,-22,1,1354276317.283449
1941,-55,39,79,15,-303,8,140,-678,-176,-22,1,1354276317.283557
1940,-2,38,90,16,-305,7,138,-679,-176,-22,1,1354276317.283666
1938,2,36,43,13,-306,6,138,-678,-176,-22,1,1354276317.283783
1941,11,22,10,14,-307,7,139,-674,-178,-22,1,1354276317.283892
1941,11,34,27,12,-313,9,139,-671,-180,-22,1,1354276317.284001
1942,-60,55,31,15,-318,10,138,-671,-180,-22,1,1354276317.284115
1941,-125,-8,-15,18,-316,8,138,-671,-182,-22,1,1354276317.284285
1942,-135,-27,-37,14,-311,5,140,-670,-186,-22,1,1354276317.284398
1941,-94,-18,-5,15,-308,3,140,-669,-189,-22,1,1354276317.284507
1941,-99,-16,58,14,-313,3,139,-668,-191,-22,1,1354276317.284618
1938,-404,4,11,12,-322,-1,139,-665,-203,-22,1,1354276317.285135
1940,-661,-13,-21,13,-321,-8,139,-662,-216,-22,1,1354276317.285365
1942,-907,-1,-57,10,-319,-18,140,-658,-233,-22,1,1354276317.285602
1941,-1026,68,-74,8,-313,-28,141,-650,-257,-22,1,1354276317.285803
1942,-1112,144,-24,12,-311,-40,144,-638,-282,-22,1,1354276317.285956
1940,-1327,102,-137,19,-301,-70,150,-607,-340,-22,1,1354276317.287175
1943,-1117,131,-173,18,-286,-102,165,-567,-398,-22,1,1354276317.28745
1942,-1242,121,-102,25,-286,-120,171,-548,-424,-22,1,1354276317.287563
1941,-1575,51,-54,23,-275,-138,175,-524,-454,-22,1,1354276317.287671
1942,-1714,-72,-69,20,-248,-156,176,-491,-489,-21,1,1354276317.287786
1943,-1634,-283,-159,19,-232,-171,176,-453,-523,-21,1,1354276317.2879
1943,-1780,-333,-161,29,-219,-202,166,-367,-588,-22,1,1354276317.288146
1943,-1791,-379,-149,26,-200,-222,158,-320,-617,-22,1,1354276317.288283
1940,-1896,-420,1,16,-163,-250,135,-219,-664,-21,1,1354276317.288537
1940,-1953,-378,23,12,-146,-264,122,-164,-680,-21,1,1354276317.288661
1942,-2012,-295,-25,5,-121,-272,110,-104,-693,-22,1,1354276317.288796
1943,-1879,-292,-76,0,-91,-280,101,-46,-701,-22,1,1354276317.288915
1942,-1701,-340,-106,-3,-71,-291,89,7,-701,-22,1,1354276317.289042
1943,-1701,-364,-103,-5,-54,-297,76,57,-698,-21,1,1354276317.289196
1943,-1488,-266,-15,-5,-31,-306,63,106,-692,-22,1,1354276317.289323
1944,-997,-108,128,-13,-14,-309,58,143,-686,-22,1,1354276317.289442
1942,-602,69,180,-18,-2,-306,58,166,-681,-22,1,1354276317.289889
1942,-263,238,154,-13,3,-308,62,179,-676,-22,1,1354276317.29057
1938,-36,326,109,-8,3,-309,71,183,-675,-22,1,1354276317.290678
1939,-40,262,56,0,3,-307,82,183,-674,-22,1,1354276317.290786
1941,-159,132,-21,3,7,-300,87,186,-672,-22,1,1354276317.2909
1942,-24,45,31,1,15,-296,98,202,-669,-22,1,1354276317.291298
1941,33,20,90,2,12,-299,101,203,-670,-22,1,1354276317.291408
1942,27,-34,133,3,9,-302,101,202,-670,-22,1,1354276317.291529
1939,-6,-53,141,5,9,-301,102,200,-670,-22,1,1354276317.291648
1939,-39,6,95,6,9,-298,103,199,-670,-22,1,1354276317.291833
1941,-66,73,50,6,10,-296,105,200,-670,-22,1,1354276317.291989
1943,-80,93,23,9,12,-295,107,203,-669,-21,1,1354276317.292146
1942,-71,77,2,9,11,-295,110,204,-668,-22,1,1354276317.292351
1942,-54,66,-24,10,11,-298,112,206,-668,-22,1,1354276317.2925
1941,-31,53,-39,8,14,-298,114,207,-668,-22,1,1354276317.292619
1942,26,28,4,10,15,-298,113,204,-666,-22,1,1354276317.292875
1941,-6,25,10,12,14,-299,114,204,-667,-22,1,1354276317.292998
1939,-147,-45,-21,14,16,-299,115,206,-667,-21,1,1354276317.293499
1942,-355,-30,-45,5,24,-295,113,213,-664,-21,1,1354276317.294178
1941,-624,245,-57,-1,30,-290,116,228,-659,-22,1,1354276317.294368
1943,-996,317,-88,7,38,-278,123,249,-645,-21,1,1354276317.294488
1943,-1362,15,-141,13,48,-271,124,282,-627,-21,1,1354276317.294595
1943,-1590,-320,-175,14,62,-279,118,323,-606,-21,1,1354276317.294742
1940,-1856,-250,-159,7,86,-276,105,366,-579,-21,1,1354276317.294854
1940,-1948,124,-134,6,115,-279,100,415,-543,-21,1,1354276317.294963
1938,-1536,346,-118,11,139,-281,102,456,-506,-22,1,1354276317.295072
1938,-1248,258,-179,17,149,-257,103,487,-473,-22,1,1354276317.295208
1939,-1001,82,-116,20,165,-250,102,510,-446,-22,1,1354276317.295327
1940,-568,180,57,20,177,-245,102,525,-426,-22,1,1354276317.295503
1939,-176,232,115,18,181,-238,108,532,-415,-22,1,1354276317.295613
1940,15,189,38,23,180,-237,112,532,-412,-22,1,1354276317.295727
1940,-135,337,2,31,179,-238,116,532,-409,-21,1,1354276317.295835
1941,-456,445,-33,32,173,-225,123,537,-400,-22,1,1354276317.295944
1939,-834,267,-138,34,166,-209,127,547,-383,-22,1,1354276317.296058
1938,-1279,112,-271,34,170,-197,121,563,-352,-22,1,1354276317.296182
1937,-1676,-38,-356,32,184,-188,110,587,-311,-21,1,1354276317.296307
1939,-2006,-293,-367,25,218,-180,98,614,-261,-21,1,1354276317.29642
1939,-2108,-313,-247,3,259,-169,86,637,-202,-21,1,1354276317.297212
1937,-1891,-133,-20,4,268,-149,79,652,-144,-21,1,1354276317.297678
1936,-1682,-81,79,17,263,-127,78,661,-90,-22,1,1354276317.297797
1938,-1556,-4,84,26,274,-109,81,665,-40,-22,1,1354276317.297923
1939,-1436,-7,65,28,288,-75,86,666,53,-21,1,1354276317.298208
1937,-1148,-146,-72,10,292,-34,94,657,135,-21,1,1354276317.298478
1938,-944,-230,-129,6,296,-8,96,653,166,-21,1,1354276317.298588
1940,-822,-251,-122,7,291,12,96,647,193,-22,1,1354276317.298744
1941,-687,-125,-125,6,290,26,96,643,216,-22,1,1354276317.298853
1942,-416,-2,-67,0,294,30,94,638,234,-22,1,1354276317.298984
1941,-92,-76,39,2,293,21,94,636,241,-22,1,1354276317.299103
1942,28,-233,72,6,290,10,97,636,241,-21,1,1354276317.299242
1941,-52,-156,65,9,297,8,101,636,241,-21,1,1354276317.299411
1940,-27,-93,8,18,307,12,103,635,243,-21,1,1354276317.299613
1938,173,-235,-5,15,303,20,104,637,240,-22,1,1354276317.299736
1941,412,-304,102,12,289,30,106,641,232,-22,1,1354276317.299867
1941,640,-287,199,14,282,29,113,645,215,-22,1,1354276317.299985
1941,916,-225,179,13,283,12,121,651,190,-21,1,1354276317.300102
1939,1214,-67,23,13,285,-12,125,660,156,-21,1,1354276317.300596
1940,1436,-112,-158,18,289,-38,122,671,115,-21,1,1354276317.301282
1941,1596,-229,-224,9,289,-56,116,680,66,-21,1,1354276317.301395
1943,1725,-171,-143,7,284,-76,110,687,12,-22,1,1354276317.301539
1943,1796,-214,-65,8,276,-97,107,687,-44,-22,1,1354276317.301659
1940,1996,-95,26,5,259,-140,103,673,-164,-22,1,1354276317.301968
1943,2148,122,61,7,241,-164,107,656,-227,-22,1,1354276317.302144
1943,2253,104,26,16,221,-188,110,631,-290,-21,1,1354276317.302363
1944,2280,-70,-41,17,200,-209,109,601,-355,-21,1,1354276317.302563
1943,2337,-119,-77,8,180,-226,105,566,-417,-21,1,1354276317.302756
1943,2496,-39,-107,8,157,-243,100,520,-477,-21,1,1354276317.302909
1942,2513,-113,-116,10,125,-262,95,466,-535,-21,1,1354276317.303062
1941,2274,-115,-125,4,90,-271,89,409,-584,-21,1,1354276317.303203
1939,1926,43,-105,-2,60,-283,84,357,-623,-21,1,1354276317.303361
1942,1577,243,-101,2,40,-295,86,308,-650,-21,1,1354276317.303508
1941,1135,369,-121,10,24,-306,91,272,-666,-22,1,1354276317.303635
1941,761,-121,-104,13,4,-304,93,218,-688,-21,1,1354276317.303908
1942,572,-150,-96,8,-7,-296,87,198,-693,-22,1,1354276317.304039
1941,351,-51,-86,7,-14,-293,82,184,-698,-22,1,1354276317.304963
1940,185,-68,-81,9,-18,-296,79,177,-700,-22,1,1354276317.305319
1937,73,-208,-62,6,-20,-299,74,174,-702,-21,1,1354276317.305428
1936,2,-110,-45,1,-19,-302,68,173,-703,-22,1,1354276317.305536
1934,-60,58,-40,4,-19,-303,68,174,-703,-22,1,1354276317.305644
1937,-114,98,-50,6,-14,-303,70,177,-702,-22,1,1354276317.305752
1938,-95,99,-32,4,-10,-302,74,180,-700,-22,1,1354276317.305866
1938,-10,32,8,4,-11,-300,80,182,-698,-22,1,1354276317.305979
1937,25,-58,26,5,-14,-294,83,181,-697,-21,1,1354276317.306087
1938,-38,-85,-4,5,-15,-290,81,181,-697,-21,1,1354276317.30622
1936,-51,-13,-42,5,-9,-295,78,185,-697,-21,1,1354276317.306482
1935,-37,46,-17,4,-7,-299,78,187,-697,-21,1,1354276317.306592
1937,3,51,8,8,-8,-304,80,188,-697,-21,1,1354276317.306701
1936,0,1,17,9,-10,-305,80,188,-697,-21,1,1354276317.306815
1937,-38,-11,10,7,-9,-303,80,188,-696,-21,1,1354276317.30693
1937,-47,-5,-8,6,-7,-299,80,189,-696,-21,1,1354276317.307038
1937,-23,1,-22,5,-8,-297,78,189,-696,-21,1,1354276317.307239
1937,13,17,-28,6,-9,-296,75,187,-697,-21,1,1354276317.307401
1937,1,4,-29,5,-11,-296,74,187,-697,-21,1,1354276317.307524
1935,-36,15,-34,6,-11,-297,74,187,-697,-22,1,1354276317.308567
1935,-37,-39,-18,7,-10,-302,74,189,-697,-21,1,1354276317.308681
1938,14,-1105,62,11,-8,-302,51,188,-699,-21,1,1354276317.308935
1938,31,-2244,207,-16,-6,-295,2,185,-704,-21,1,1354276317.309055
1939,30,-2771,359,-59,-5,-285,-69,182,-706,-21,1,1354276317.309174
1938,9,-2841,355,-92,-11,-275,-147,181,-700,-21,1,1354276317.309303
1939,-19,-2968,188,-125,-15,-264,-223,184,-683,-21,1,1354276317.309412
1939,-31,-3337,-1,-160,-12,-248,-306,185,-653,-21,1,1354276317.309526
1938,45,-3617,-127,-199,-9,-224,-397,184,-608,-21,1,1354276317.309643
1937,103,-3668,-183,-241,-11,-189,-485,178,-545,-21,1,1354276317.309766
1939,54,-3164,-140,-274,-8,-146,-559,172,-475,-21,1,1354276317.309885
1939,-8,-2269,-81,-286,-6,-112,-611,169,-413,-21,1,1354276317.310004
1940,-29,-1618,-60,-291,-7,-90,-642,168,-366,-21,1,1354276317.310121
1940,-46,-840,-19,-297,-11,-66,-674,167,-303,-21,1,1354276317.310388
1939,-51,-828,-5,-298,-14,-58,-684,167,-280,-21,1,1354276317.310514
1940,-95,-870,-1,-302,-15,-46,-698,166,-255,-21,1,1354276317.310633
1938,-111,-760,-24,-306,-13,-35,-711,166,-231,-21,1,1354276317.310755
1937,-91,-533,-35,-308,-14,-26,-716,166,-211,-21,1,1354276317.31087
1941,45,-191,-190,-302,-10,-21,-723,162,-193,-21,1,1354276317.311983
1940,298,-369,-514,-298,-9,-17,-728,151,-186,-21,1,1354276317.312103
1941,618,-742,-966,-291,-19,-11,-736,126,-171,-21,1,1354276317.31222
1941,761,-1068,-1418,-290,-41,-1,-749,83,-146,-21,1,1354276317.312345
1941,788,-1295,-1890,-289,-66,16,-760,26,-110,-21,1,1354276317.312462
1941,764,-1503,-2233,-284,-98,38,-765,-42,-65,-21,1,1354276317.31258
1939,298,-1706,-1968,-208,-195,130,-674,-329,156,-21,1,1354276317.313113
1940,203,-1363,-1633,-191,-206,143,-636,-376,204,-21,1,1354276317.313302
1938,74,-982,-1271,-172,-216,153,-602,-413,238,-21,1,1354276317.313497
1937,-79,-391,-743,-162,-221,160,-578,-440,258,-20,1,1354276317.313685
1937,-276,303,-118,-156,-220,156,-572,-453,256,-21,1,1354276317.313868
1938,-649,1348,393,-162,-215,147,-585,-455,229,-21,1,1354276317.314072
1935,-1128,2500,755,-176,-218,130,-614,-448,162,-21,1,1354276317.314285
1936,-1298,2931,1020,-195,-216,98,-651,-431,66,-21,1,1354276317.314518
1937,-1304,2976,1418,-220,-203,26,-692,-360,-136,-21,1,1354276317.315003
1936,-1442,3345,1521,-242,-188,-15,-690,-305,-241,-21,1,1354276317.316708
1936,-1493,3949,1431,-245,-168,-60,-662,-244,-355,-21,1,1354276317.316843
1938,-1662,4243,1353,-210,-147,-99,-606,-179,-470,-21,1,1354276317.317068
1941,-1966,3998,1326,-172,-112,-142,-530,-105,-571,-21,1,1354276317.31736
1940,-2117,3403,1393,-152,-78,-180,-450,-23,-645,-20,1,1354276317.317603
1941,-2018,2745,1431,-135,-48,-205,-375,61,-692,-20,1,1354276317.3178
1937,-1535,2089,1151,-105,-15,-214,-316,135,-721,-21,1,1354276317.318139
1937,-932,1515,733,-86,-1,-241,-277,186,-746,-21,1,1354276317.318361
1939,-541,1465,515,-84,12,-278,-253,215,-778,-21,1,1354276317.318521
1941,-191,1746,439,-67,20,-306,-233,228,-830,-22,1,1354276317.318639
1939,247,1831,206,-33,22,-329,-214,218,-911,-22,1,1354276317.318754
1940,557,1530,-14,5,8,-352,-209,184,-1028,-21,1,1354276317.318864
1939,556,761,-90,21,-19,-371,-233,131,-1182,-21,1,1354276317.318986
1940,396,42,-74,11,-31,-373,-287,86,-1359,-21,1,1354276317.319146
1937,187,-364,11,1,-40,-353,-352,68,-1531,-21,1,1354276317.319302
1936,-50,-564,148,-12,-49,-325,-404,87,-1673,-20,1,1354276317.319445
1938,-238,-661,129,-28,-49,-299,-445,133,-1786,-21,1,1354276317.319567
1939,-312,-621,5,-41,-33,-286,-492,179,-1893,-21,1,1354276317.319695
1939,-259,-447,-16,-50,-19,-285,-549,218,-2030,-21,1,1354276317.319812
1939,-141,-235,57,-54,-14,-291,-616,252,-2216,-21,1,1354276317.319935
1937,-51,-21,148,-55,-17,-297,-697,278,-2456,-20,1,1354276317.321051
1937,-373,718,373,-50,-13,-313,-901,321,-3044,-20,1,1354276317.321338
1935,-129,-114,333,-27,25,-317,-1156,386,-3350,-21,1,1354276317.321585
1936,81,330,-10,-15,-7,-301,-1264,463,-3319,-21,1,1354276317.321829
1937,29,206,-68,-14,-3,-304,-1266,470,-3332,-21,1,1354276317.321939
1937,-25,71,-82,-15,3,-300,-1253,467,-3335,-21,1,1354276317.322056
1937,1,124,-30,-21,7,-299,-1240,459,-3343,-21,1,1354276317.322171
1937,8,88,8,-13,4,-299,-1229,452,-3350,-21,1,1354276317.322329
1938,-1,-4,5,-16,3,-300,-1226,451,-3351,-21,1,1354276317.322447
1936,-5,6,5,-14,4,-299,-1226,451,-3351,-21,1,1354276317.322562
1935,-6,-3,1,-14,4,-299,-1226,451,-3351,-20,1,1354276317.322671
1936,-6,0,-2,-13,5,-299,-1226,451,-3352,-21,1,1354276317.322779
1938,-7,0,-1,-15,4,-299,-1226,451,-3352,-21,1,1354276317.322894
1937,-6,-3,0,-15,4,-298,-1226,451,-3351,-20,1,1354276317.323002
1938,-4,0,0,-14,4,-298,-1232,449,-3354,-21,1,1354276317.323116
1937,-4,-4,2,-15,3,-299,-1241,445,-3359,-21,1,1354276317.323269
1938,-4,-4,3,-15,3,-299,-1243,444,-3359,-21,1,1354276317.323567
1936,-3,-4,2,-16,3,-299,-1243,444,-3359,-21,1,1354276317.324386
1938,-3,-2,0,-16,3,-300,-1242,444,-3360,-21,1,1354276317.324506
1937,-4,-3,1,-16,3,-300,-1242,444,-3359,-20,1,1354276317.324666
1938,-5,-4,2,-15,3,-299,-1242,444,-3360,-21,1,1354276317.324788
1939,-5,-4,3,-15,3,-299,-1243,444,-3360,-20,1,1354276317.324967
1940,-5,-4,1,-15,3,-299,-1243,444,-3361,-20,1,1354276317.325088
1941,-4,-4,2,-15,3,-299,-1236,447,-3357,-21,1,1354276317.325393
1942,-4,-5,1,-15,3,-299,-1227,450,-3352,-21,1,1354276317.325514
1944,-6,-3,3,-16,3,-300,-1224,451,-3351,-21,1,1354276317.325641
1942,-7,-5,2,-16,3,-300,-1224,451,-3351,-21,1,1354276317.325775
1942,-7,-5,1,-14,4,-299,-1225,451,-3351,-21,1,1354276317.325891
1942,-4,-2,-1,-15,4,-299,-1225,450,-3351,-20,1,1354276317.32604
1944,-4,-1,-1,-15,4,-299,-1225,451,-3352,-20,1,1354276317.326154
1943,-7,-4,1,-14,4,-299,-1226,451,-3353,-20,1,1354276317.326306
1944,-7,-5,0,-14,4,-299,-1226,451,-3353,-20,1,1354276317.326437
1942,-4,-6,0,-13,4,-299,-1226,451,-3353,-20,1,1354276317.326583
1944,-4,-4,3,-13,4,-298,-1231,449,-3354,-20,1,1354276317.326709
1943,-4,-4,3,-13,4,-298,-1240,445,-3359,-21,1,1354276317.326829
1941,-4,-4,0,-14,4,-298,-1242,444,-3360,-21,1,1354276317.32744
1938,-6,-2,2,-15,4,-298,-1242,444,-3359,-21,1,1354276317.328079
1939,-7,-2,2,-16,4,-298,-1241,445,-3359,-20,1,1354276317.328206
1940,-5,-5,1,-16,3,-300,-1242,444,-3360,-20,1,1354276317.328328
1942,-5,-4,1,-15,3,-299,-1242,444,-3361,-20,1,1354276317.328437
1942,-4,-1,2,-15,3,-300,-1243,444,-3362,-21,1,1354276317.328544
1943,-3,-2,-1,-15,3,-300,-1242,444,-3361,-21,1,1354276317.328658
1942,-4,-5,-2,-15,3,-300,-1241,444,-3360,-21,1,1354276317.328766
1943,-5,-5,-1,-14,4,-299,-1237,447,-3357,-20,1,1354276317.328874
1942,-6,-4,2,-15,3,-300,-1230,449,-3353,-21,1,1354276317.328987
1941,-4,-4,2,-14,3,-300,-1229,450,-3352,-20,1,1354276317.329104
1939,-7,-5,2,-14,3,-299,-1229,450,-3352,-21,1,1354276317.329224
1942,-9,-3,1,-15,3,-299,-1228,450,-3352,-21,1,1354276317.329617
1942,-6,-3,0,-15,4,-299,-1228,450,-3352,-21,1,1354276317.329729
1941,-5,-4,3,-14,4,-299,-1228,450,-3352,-20,1,1354276317.32999
1942,-6,-2,3,-14,4,-299,-1229,451,-3353,-20,1,1354276317.330101
1941,-6,-1,2,-14,4,-299,-1229,451,-3353,-21,1,1354276317.33022
1941,-8,-3,2,-14,4,-298,-1233,449,-3354,-21,1,1354276317.330369
1940,-8,-5,2,-15,4,-298,-1240,445,-3357,-20,1,1354276317.330525
1941,-8,-3,3,-14,4,-298,-1242,444,-3358,-20,1,1354276317.330847
1940,-3,-3,2,-15,3,-299,-1243,445,-3360,-20,1,1354276317.331633
1941,-1,-3,2,-16,3,-299,-1242,444,-3360,-20,1,1354276317.331746
1944,-5,-3,3,-15,4,-299,-1242,444,-3360,-20,1,1354276317.331988
1943,-6,-4,2,-16,3,-300,-1243,444,-3360,-20,1,1354276317.332097
1944,-6,-4,5,-15,4,-298,-1243,444,-3360,-21,1,1354276317.332214
1943,-6,-1,6,-15,4,-298,-1242,444,-3359,-21,1,1354276317.332342
1942,-5,-2,2,-14,4,-298,-1237,447,-3356,-20,1,1354276317.332456
1939,-4,-3,0,-14,4,-299,-1229,450,-3355,-20,1,1354276317.332564
1943,-4,-3,3,-13,4,-299,-1227,450,-3355,-21,1,1354276317.332677
1943,0,-4,3,-14,4,-299,-1227,450,-3355,-21,1,1354276317.332785
1944,0,-3,0,-15,4,-299,-1226,451,-3354,-20,1,1354276317.332893
1944,-3,-4,1,-15,4,-299,-1227,451,-3354,-20,1,1354276317.333001
1945,-5,-5,2,-14,4,-299,-1227,451,-3355,-21,1,1354276317.333114
1944,-4,-2,1,-14,4,-299,-1227,451,-3355,-21,1,1354276317.333233
1942,-2,-4,-1,-14,4,-298,-1226,450,-3354,-20,1,1354276317.333354
1939,-5,-5,0,-15,3,-299,-1226,450,-3355,-20,1,1354276317.333462
1943,-7,-4,0,-14,4,-299,-1232,449,-3356,-19,1,1354276317.333575
1944,-5,-2,2,-13,4,-299,-1243,444,-3359,-20,1,1354276317.33416
1942,-6,-3,0,-14,4,-299,-1243,444,-3359,-20,1,1354276317.334795
1941,-7,-6,1,-14,4,-299,-1243,444,-3359,-20,1,1354276317.334908
1941,-7,-6,3,-14,4,-299,-1243,444,-3360,-20,1,1354276317.335017
1943,-5,-4,1,-15,3,-299,-1243,444,-3360,-20,1,1354276317.335124
1942,-4,-3,2,-15,3,-299,-1243,444,-3360,-20,1,1354276317.335245
1942,-1,-8,4,-13,1,-299,-1244,443,-3361,-20,1,1354276317.335365
1940,-23,37,-15,-12,-3,-300,-1237,437,-3366,-20,1,1354276317.335473
1942,9,-103,-146,-12,9,-298,-1185,408,-3407,-20,1,1354276317.335719
1943,13,-66,-83,-25,6,-300,-1173,396,-3433,-20,1,1354276317.335829
1942,0,21,-9,-16,4,-299,-1170,393,-3440,-20,1,1354276317.335944
1942,-1,8,-3,-17,3,-300,-1170,392,-3441,-20,1,1354276317.336208
1940,-6,16,-9,-16,4,-299,-1168,392,-3442,-20,1,1354276317.336335
1929,-8,42,-62,-13,9,-299,-1166,397,-3444,-20,1,1354276317.336444
1924,5,-7,-168,-12,6,-299,-1165,415,-3446,-20,1,1354276317.336558
1921,6,-7,-194,-17,-3,-300,-1167,435,-3448,-20,1,1354276317.336667
1921,-3,1,-78,-16,0,-300,-1172,442,-3446,-21,1,1354276317.336775
1920,-3,-3,-27,-15,3,-300,-1180,438,-3447,-21,1,1354276317.336888
1920,-3,-35,-22,-16,2,-299,-1184,436,-3446,-21,1,1354276317.337693
1920,-3,-18,0,-18,2,-300,-1186,436,-3446,-20,1,1354276317.338023
1922,-5,-11,20,-17,3,-300,-1186,436,-3448,-20,1,1354276317.338144
1923,-7,-2,47,-18,3,-300,-1185,437,-3450,-20,1,1354276317.338311
1922,-10,12,27,-17,3,-300,-1183,439,-3451,-20,1,1354276317.338428
1920,-7,-4,4,-14,4,-299,-1182,439,-3451,-19,1,1354276317.338537
1923,-2,-7,2,-17,3,-301,-1182,439,-3451,-19,1,1354276317.338645
1925,-3,-43,16,-14,5,-299,-1180,441,-3451,-20,1,1354276317.338897
1924,-5,-29,43,-17,4,-299,-1172,451,-3452,-20,1,1354276317.339023
1924,-2,32,32,-19,0,-300,-1164,461,-3457,-20,1,1354276317.339143
1923,-4,-7,4,-15,2,-300,-1160,464,-3459,-20,0,1354276317.339261
1924,-9,-20,33,-14,3,-300,-1160,464,-3459,-20,1,1354276317.339376
1924,-2,28,381,-17,4,-299,-1133,480,-3482,-20,1,1354276317.339641
1934,-6,37,319,-16,2,-300,-1107,490,-3500,-21,1,1354276317.339751
1941,-24,6,201,-19,3,-300,-1091,496,-3512,-20,1,1354276317.339866
1942,-10,-18,4,-18,3,-299,-1098,494,-3515,-21,1,1354276317.340275
1943,-10,2,-2,-14,6,-298,-1101,490,-3514,-20,1,1354276317.341473
1939,2,-19,-3,-15,4,-298,-1103,489,-3515,-20,1,1354276317.341757
1939,-6,-49,-1,-15,4,-298,-1104,489,-3516,-20,1,1354276317.341978
1942,-8,-28,2,-16,5,-298,-1107,490,-3515,-20,1,1354276317.342107
1942,-3,-8,3,-16,5,-298,-1107,490,-3515,-20,1,1354276317.342294
1943,-2,28,0,-16,4,-298,-1105,489,-3516,-20,1,1354276317.342435
1942,-14,4,1,-13,4,-298,-1104,488,-3516,-19,1,1354276317.342562
1942,-14,-1,2,-15,5,-298,-1102,490,-3514,-20,1,1354276317.342681
1941,-8,11,1,-14,5,-299,-1094,493,-3512,-21,1,1354276317.342798
1943,-9,25,3,-16,4,-299,-1090,494,-3512,-20,1,1354276317.342931
1940,-16,-8,6,-12,5,-299,-1090,494,-3512,-20,1,1354276317.343055
1939,-7,-68,4,-15,6,-299,-1093,493,-3511,-20,1,1354276317.343213
1941,-8,-7,18,-18,4,-299,-1095,492,-3512,-20,1,1354276317.34341
1942,-1,21,59,-16,4,-299,-1092,489,-3512,-20,1,1354276317.343589
1941,12,75,18,-19,6,-299,-1088,481,-3516,-20,1,1354276317.34371
1942,22,112,-190,-16,5,-299,-1087,470,-3513,-19,1,1354276317.343818
1941,6,7,-277,-8,6,-299,-1101,456,-3501,-20,1,1354276317.343926
1942,-6,-78,-75,-12,6,-299,-1119,448,-3493,-19,1,1354276317.344034
1939,-5,47,3,-18,4,-299,-1129,445,-3493,-20,1,1354276317.34419
